{
"comment1": "Define the number of elements",
"NumberElements": 5,
"comment2": "Define the direction vectors of each element",
"e_1":[0.7809,0.6247],
"e_2":[0.0000,1.0000],
"e_3":[0.7809,0.6247],
"e_4":[0.0000,1.0000],
"e_5":[1.0000,0.0000],
"comment3": "define the global periodicity vectors",
"Y_1":[1.0000,0.0000],
"Y_2":[0.0000,1.0000],
"comment4": "number of inner nodes",
"NumberNodes": 3,
"comment5": "List of origin and end points along with delta",
"Ob": [1,2,3,1,1],
"Eb": [2,3,1,1,1],
"Delta1": [0,0,1,0,1],
"Delta2": [0,0,1,1,0],
"commentt6": "List of element axial and bending stiffness",
"Ka": [32796.48999660727,105000.00000000003,32796.48999660727,21000.0,21000.0],
"Kb": [799.914390161153,26250.00000000002,799.914390161153,210.00000000000006,210.00000000000006],
"comment7": "List of element lengths and volumes",
"Lb": [0.6403124237432849,0.19999999999999996,0.6403124237432849,1.0,1.0],
"tb": [0.1,0.1,0.1,0.1,0.1],
"comment8": "Norme of the periodicity vectors",
"L1":1.0000,
"L2":1.0000
}
