{
"comment1": "Define the number of elements",
"NumberElements": 6,
"comment2": "Define the direction vectors of each element",
"e_1":[-0.3881,0.9216],
"e_2":[0.5401,0.8416],
"e_3":[-0.7933,0.6088],
"e_4":[-0.8164,0.5775],
"e_5":[1.0000,0.0000],
"e_6":[0.0000,1.0000],
"comment3": "define the global periodicity vectors",
"Y_1":[1.0000,0.0000],
"Y_2":[0.0000,1.0000],
"comment4": "number of inner nodes",
"NumberNodes": 4,
"comment5": "List of origin and end points along with delta",
"Ob": [2,1,3,1,1,1],
"Eb": [3,3,1,2,1,1],
"Delta1": [0,0,0,-1,1,0],
"Delta2": [0,0,1,0,0,1],
"commentt6": "List of element axial and bending stiffness",
"Ka": [50.93248125762995,26.37807977200366,38.743013599757745,41.816410804010154,21.0,21.0],
"Kb": [2.9960283092723534,0.4161893305775271,1.318686643967248,1.6580654561463177,0.21000000000000005,0.21000000000000005],
"comment7": "List of element lengths and volumes",
"Lb": [0.41231056256176585,0.7961155694998058,0.5420332093147062,0.502195181179589,1.0,1.0],
"tb": [0.1,0.1,0.1,0.1,0.1,0.1],
"comment8": "Norme of the periodicity vectors",
"L1":1.0000,
"L2":1.0000
}
